epoch,accuracy,loss,val_accuracy,val_loss
0,0.8500000238418579,0.30690550804138184,0.5,0.6687188148498535
1,1.0,0.004248670767992735,0.9750000238418579,0.4500391483306885
