epoch,accuracy,loss,val_accuracy,val_loss
0,0.5249999761581421,0.8586994409561157,0.5,0.8218448758125305
1,0.7749999761581421,0.4213685393333435,0.5,0.7756655812263489
