epoch,accuracy,loss,val_accuracy,val_loss
0,0.4789597988128662,9.110321044921875,0.10255997627973557,0.7388592958450317
1,0.4762411415576935,0.7048177123069763,0.8973595499992371,0.7350959181785583
