{
  "dev_eer_pct": 0.033,
  "threshold": 0.017738468945026398,
  "n_train": 25380,
  "feat_dim": 1024,
  "lr": 0.0001,
  "proj": 256,
  "dropout": 0.3,
  "epochs": 25,
  "batch_size": 64,
  "min_tdcf": 0.00027
}