{
  "n_fake": 12,
  "n_real": 4,
  "spoof_detect_rate@0.5": 1.0,
  "fake_score_mean": 0.08615913987159729,
  "real_score_mean": 0.05651351064443588,
  "cross_eer_pct": 70.833,
  "cross_threshold": 0.06046565994620323
}