epoch,accuracy,loss,val_accuracy,val_loss
0,0.7749999761581421,0.70438551902771,0.5,0.7405346035957336
1,0.925000011920929,0.13517719507217407,0.5,1.492938756942749
